code,name
688036,传音控股
605499,东鹏饮料
688271,联影医疗
002714,牧原股份
601136,首创证券
601872,招商轮船
601988,中国银行
001979,招商蛇口
300979,华利集团
000596,古井贡酒
002311,海大集团
600377,宁沪高速
600803,新奥股份
600415,小商品城
000858,五 粮 液
601009,南京银行
601058,赛轮轮胎
601838,成都银行
600690,海尔智家
000895,双汇发展
601998,XD中信银
600519,贵州茅台
000708,中信特钢
000568,泸州老窖
601398,工商银行
688506,百利天恒
600900,长江电力
600926,杭州银行
002142,宁波银行
601898,中煤能源
300498,温氏股份
601857,中国石油
601328,交通银行
002027,分众传媒
600036,招商银行
601825,沪农商行
601939,建设银行
001965,招商公路
603195,公牛集团
601225,陕西煤业
601169,北京银行
688111,金山办公
600941,中国移动
600886,国投电力
600233,圆通速递
600436,片仔癀
000333,美的集团
000425,徐工机械
601808,中海油服
600188,兖矿能源
600809,山西汾酒
600887,伊利股份
601021,春秋航空
601919,中远海控
601916,浙商银行
601658,邮储银行
601229,上海银行
601166,兴业银行
600795,国电电力
600015,华夏银行
601995,中金公司
601059,信达证券
601088,中国神华
300418,昆仑万维
002415,海康威视
600585,海螺水泥
600660,福耀玻璃
600919,江苏银行
600039,四川路桥
600426,华鲁恒升
601111,中国国航
601127,赛力斯
600674,川投能源
600026,中远海能
300896,爱美客
601288,农业银行
688169,石头科技
000651,格力电器
600958,东方证券
000786,北新建材
601728,中国电信
603288,海天味业
600600,青岛啤酒
300832,新产业
300750,宁德时代
600196,复星医药
600276,恒瑞医药
601628,中国人寿
601298,青岛港
601006,大秦铁路
000538,云南白药
600332,白云山
688187,时代电气
601816,京沪高铁
600515,海南机场
600023,浙能电力
603369,今世缘
600029,南方航空
600025,华能水电
000001,平安银行
601077,渝农商行
002252,上海莱士
002600,领益智造
601607,上海医药
000938,紫光股份
002050,三花智控
601799,星宇股份
600028,中国石化
000725,京东方Ａ
300413,芒果超媒
300628,亿联网络
601818,光大银行
600018,上港集团
002938,鹏鼎控股
600048,保利发展
600027,华电国际
000975,山金国际
600938,中国海油
601318,中国平安
601888,中国中免
000876,新 希 望
002304,洋河股份
600011,华能国际
601633,长城汽车
603259,药明康德
300442,润泽科技
600000,浦发银行
601601,中国太保
600905,三峡能源
600016,民生银行
600741,华域汽车
600050,中国联通
600104,上汽集团
600009,上海机场
601689,拓普集团
601668,中国建筑
600115,中国东航
601319,中国人保
601066,中信建投
601899,紫金矿业
601985,中国核电
002001,新 和 成
601868,中国能建
601100,恒立液压
600150,中国船舶
601336,新华保险
000063,中兴通讯
601800,中国交建
601236,红塔证券
002594,比亚迪
000166,申万宏源
600085,同仁堂
688009,中国通号
002920,德赛西威
000002,万  科Ａ
000800,一汽解放
000999,华润三九
300760,迈瑞医疗
601186,中国铁建
003816,中国广核
600989,宝丰能源
688082,盛美上海
000338,潍柴动力
600547,山东黄金
300124,汇川技术
601390,中国中铁
688047,龙芯中科
600066,宇通客车
600031,三一重工
002422,科伦药业
600489,中金黄金
600030,中信证券
601878,浙商证券
000625,长安汽车
002352,顺丰控股
601211,国泰海通
600918,中泰证券
601788,光大证券
600845,宝信软件
601699,潞安环能
601117,中国化学
002236,大华股份
600406,国电南瑞
600161,天坛生物
002601,龙佰集团
300661,圣邦股份
300015,爱尔眼科
300033,同花顺
000157,中联重科
603501,豪威集团
601238,广汽集团
001289,龙源电力
300059,东方财富
600570,恒生电子
688396,华润微
002179,中航光电
000100,TCL科技
300759,康龙化成
000661,长春高新
600061,国投资本
302132,中航成飞
601766,中国中车
601901,方正证券
600460,士兰微
300999,金龙鱼
002028,思源电气
000301,东方盛虹
002230,科大讯飞
300433,蓝思科技
600588,用友网络
000963,华东医药
001391,国货航
002736,国信证券
600893,航发动力
000776,广发证券
000983,山西焦煤
002241,歌尔股份
300782,卓胜微
600019,宝钢股份
301236,软通动力
000617,中油资本
601600,中国铝业
600999,招商证券
688981,中芯国际
601360,三六零
301269,华大九天
603833,欧派家居
600482,中国动力
002648,卫星化学
600309,万华化学
300347,泰格医药
002049,紫光国微
688008,澜起科技
000768,中航西飞
601669,中国电建
601698,中国卫通
601618,中国中冶
601688,华泰证券
300274,阳光电源
600160,巨化股份
605117,德业股份
002180,纳思达
688599,天合光能
600760,中航沈飞
603296,华勤技术
600346,恒力石化
601881,中国银河
688126,沪硅产业
000807,云铝股份
600219,南山铝业
002463,沪电股份
600584,长电科技
002371,北方华创
002074,国轩高科
600176,中国巨石
300316,晶盛机电
688041,海光信息
002916,深南电路
002493,荣盛石化
600183,生益科技
603392,万泰生物
601877,正泰电器
600372,中航机载
600362,江西铜业
603993,洛阳钼业
300308,中际旭创
300122,智飞生物
603019,中科曙光
601377,兴业证券
600875,东方电气
601865,福莱特
600010,包钢股份
688303,大全能源
300408,三环集团
688223,晶科能源
000977,浪潮信息
000630,铜陵有色
300014,亿纬锂能
002475,立讯精密
688256,寒武纪-U
600438,通威股份
688012,中微公司
601012,隆基绿能
002129,TCL中环
002459,晶澳科技
000408,藏格矿业
600111,北方稀土
603806,福斯特
688472,阿特斯
300502,新易盛
300394,天孚通信
600089,特变电工
000792,盐湖股份
601138,工业富联
603799,华友钴业
603260,合盛硅业
603986,兆易创新
002709,天赐材料
002460,赣锋锂业
002466,天齐锂业
